Score,Feedback
28,"This translation demonstrates a strong understanding of the source text, accurately conveying the meaning without significant omissions or distortions. The tone and style are appropriate for the intended context, maintaining a sense of wonder and engagement suitable for a teenage audience. The word choice is natural and culturally relevant, effectively capturing the essence of the original text. However, there is a minor area for improvement: the phrase ""nothing special"" could be more explicitly translated to ensure clarity. Overall, this is a well-executed translation."
28,"The translation demonstrates a strong understanding of the source text, accurately conveying the meaning and details without significant omissions or distortions. The tone and style are appropriate for the intended teenage audience, maintaining a sense of wonder and engagement. The word choice is generally effective, capturing the essence of ""awe"" as ""敬畏"" and ensuring natural readability in Chinese. However, there is a minor area for improvement: the phrase ""more caring and helpful"" could be slightly refined to better capture the nuance of ""caring"" as ""關心"" and ""helpful"" as ""樂於助人"" in a more balanced manner. Overall, the translation is well-executed and culturally relevant."
28,"The translation demonstrates a strong understanding of the source text, accurately conveying the meaning without significant omissions or distortions. The tone and style are appropriate for the intended context, maintaining the sense of wonder and scientific inquiry present in the original. The word choice is generally suitable, ensuring natural readability and cultural relevance. However, there are minor areas where the translation could be slightly more concise or fluid, such as rephrasing ""毫無特別"" to a more natural expression like ""沒有特別感覺"". Overall, the translation effectively captures the essence of the original text."
28,"The translation demonstrates a strong understanding of the source text, accurately conveying the meaning without significant omissions or distortions. The tone and style are appropriate for the intended teenage audience, maintaining a sense of wonder and engagement. The word choice is generally suitable, and the translation reads naturally in Chinese. However, there are minor areas where the sentence structure could be slightly refined for even smoother readability. Overall, it is a well-executed translation that effectively captures the essence of the original text."
28,"The translation effectively captures the essence of the source text and conveys the intended meaning with minimal distortion. The tone and style are appropriate for a popular science article aimed at teenagers, maintaining a sense of wonder and accessibility. The translation is generally accurate, with a few minor areas for improvement. For example, the phrase ""counted more food items for a food drive for refugees"" could be more explicitly translated to emphasize the act of counting rather than donating, as the original text suggests. Additionally, the phrase ""nothing special"" could be translated more precisely to capture the neutrality of the emotion. Overall, the translation is well-executed and culturally relevant, with natural readability."
27,"The translation effectively captures the essence and meaning of the source text, demonstrating a solid understanding of the original content. The tone and style are appropriate for a popular science article aimed at teenagers, maintaining a sense of wonder and engagement. The translation is mostly accurate, with minor issues in word choice and phrasing that could be improved for smoother readability. For example, ""平伏情緒"" could be more accurately translated to convey ""nothing special"" as ""沒有特別感受"". Additionally, the phrase ""驚嘆的魔力的確令小朋友變得更體貼"" could be slightly refined to enhance clarity and impact. Overall, the translation is well-executed and culturally relevant."
27,"The translation demonstrates a strong understanding of the source text, accurately conveying the meaning without significant omissions or distortions. The tone and style are appropriate for the intended teenage audience, using language that is both engaging and accessible. The translation effectively captures the essence of awe and its impact on children's behavior. However, there are minor areas for improvement in terms of natural readability and fluency. For example, the phrase ""與他人緊密"" could be more naturally expressed as ""與他人更緊密相連"" to enhance clarity. Overall, the translation is well-executed and effectively communicates the original message."
27,"The translation demonstrates a strong understanding of the source text, accurately conveying the main ideas and details without significant omissions or distortions. The tone and style are appropriate for the intended audience, maintaining a sense of wonder and accessibility suitable for teenagers. The translation effectively captures the essence of ""awe"" and its impact on children's behavior. However, there are a few minor areas for improvement in terms of natural readability and cultural nuances. For example, the phrase ""敬畏的奇妙時刻"" could be slightly refined for smoother flow, and ""理解他人"" might be better expressed as ""与他人产生联系"" to align more closely with the source text's emphasis on connection. Overall, the translation is well-executed and culturally relevant."
27,"The translation demonstrates a strong understanding of the source text, accurately conveying the meaning without significant omissions or distortions. The use of ""震撼感"" for ""awe"" is appropriate and consistent throughout the translation. The translation maintains a suitable tone and style for the intended teenage audience, with natural readability and cultural relevance. However, there is a minor inconsistency in the description of the experiments: the source text describes two experiments, but the translation implies that the findings about heart rate and breathing patterns are from a second, separate experiment. Clarifying this could enhance the accuracy. Overall, the translation is well-executed with only minor areas for improvement."
25,"The translation demonstrates a good understanding of the source text, accurately conveying the main ideas and maintaining the overall meaning. The tone and style are appropriate for the intended audience, with a natural readability in Chinese. However, there are a few areas where the translation could be improved for greater precision and clarity. For instance, the phrase ""counted more food items for a food drive for refugees"" is not directly translated, and the specific actions of giving away ""chocolate treats or museum tickets"" are generalized as ""珍貴禮物,"" which loses some detail. Additionally, the translation introduces new ideas, such as ""犧牲自己玩樂的時間"" and ""投入精力於費時的工作,"" which are not present in the original text and could potentially alter the intended message. Overall, the translation is strong but could benefit from closer adherence to the specific details of the source text."
28,"The translation effectively captures the essence and meaning of the source text, demonstrating a strong understanding of the original content. The tone and style are appropriate for the intended audience, maintaining a sense of wonder and engagement that is suitable for a popular science article aimed at teenagers. The translation is fluent and natural, with culturally relevant expressions that enhance readability. There are minor areas where the translation could be slightly more concise or varied in word choice, but these do not significantly detract from the overall quality. Overall, this is a well-executed translation that aligns well with the source text."
25,"The translation captures the essence of the source text well, maintaining the overall meaning and flow. However, there are a few areas for improvement. The translation uses ""喔"" instead of ""Wow,"" which slightly alters the tone. Additionally, ""燦欄煙火"" should be ""燦爛煙火"" for accuracy. The phrase ""更多的把目光投向外在的世界"" could be more naturally expressed as ""更多地關注外部世界."" The translation of ""food drive for refugees"" as ""食物銀行"" is not entirely accurate; it should be more specific to the context of refugees. The phrase ""沉悶的工作"" does not accurately convey the idea of counting food items; a more neutral term like ""數算食物"" would be better. Overall, the translation is contextually appropriate and conveys the intended message, but slight adjustments could enhance clarity and precision."
28,"This translation effectively captures the essence and meaning of the source text, demonstrating a strong understanding of the original English content. The translator has successfully conveyed the sense of wonder and the impact of awe on children's behavior. The tone and style are appropriate for the intended teenage audience, with natural readability and cultural relevance in Chinese. The translation is mostly accurate, though there are minor areas where the phrasing could be slightly more concise or fluid. Overall, it is a well-executed translation with only minor room for improvement."
28,"The translation demonstrates a strong understanding of the source text, accurately conveying the meaning without significant omissions or distortions. The tone and style are well-suited for a teenage audience, maintaining a sense of wonder and engagement. The word choices are appropriate, and the translation reads naturally in Chinese. However, there could be slight improvements in maintaining the original sentence structure for better flow, such as rephrasing ""他們的心率和呼吸模式也發生了特殊變化"" to more closely mirror the original text's structure. Overall, this is a high-quality translation that effectively captures the essence of the source material."
27,"The translation effectively captures the essence of the source text, conveying the magical feeling of awe and its impact on children's behavior. The translator accurately reflects the experiments and their outcomes, maintaining the original meaning without significant omissions or distortions. The tone and style are appropriate for a teenage audience, with natural readability and cultural relevance in Chinese. However, there are minor areas for improvement, such as ensuring consistent terminology (e.g., using ""讚歎"" consistently for ""awe"") and slightly refining the flow of certain sentences for enhanced clarity. Overall, the translation is well-executed and communicates the intended message effectively."
25,"The translation demonstrates a good understanding of the source text, accurately conveying the main ideas and details. The tone and style are generally appropriate for the intended audience, maintaining a sense of wonder and engagement. However, there are a few areas where the translation could be improved for clarity and naturalness. For instance, the phrase ""因感歎而不忍驚呼過"" could be simplified to better capture the spontaneous expression of awe. Additionally, ""保持平靜"" might not fully convey the intended meaning of ""nothing special"" and could be rephrased for accuracy. Overall, the translation is effective but could benefit from minor adjustments to enhance readability and precision."
27,"This translation demonstrates a strong understanding of the source text, accurately conveying the meaning and key points without significant omissions or distortions. The tone and style are appropriate for the intended teenage audience, maintaining a sense of wonder and engagement. The translation effectively captures the essence of ""awe"" and its impact on children's behavior, using culturally relevant expressions and natural readability in Chinese. Minor improvements could be made in terms of word choice to enhance fluidity, but overall, it is a well-executed translation."
27,"The translation demonstrates a strong understanding of the source text, accurately conveying the meaning and key details without significant omissions or distortions. The tone and style are appropriate for the intended audience, maintaining a sense of wonder and engagement suitable for a popular science article aimed at teenagers. The word choice in Chinese is generally effective, ensuring natural readability and cultural relevance. However, there are minor areas where the translation could be slightly refined for smoother flow, such as rephrasing ""身處在一個充滿神秘的大世界中自我們是如此的微不足道"" to enhance clarity. Overall, this is a well-executed translation that captures the essence of the original text."
28,"This translation demonstrates a strong understanding of the source text, accurately conveying the meaning without significant omissions or distortions. The tone and style are appropriate for the intended context, maintaining a sense of wonder and engagement suitable for a teenage audience. The word choice is generally effective, ensuring natural readability and cultural relevance. However, there could be slight improvements in terms of stylistic finesse, such as varying sentence structures to enhance flow. Overall, it is a well-executed translation that captures the essence of the original text."
27,"The translation demonstrates a strong understanding of the source text, accurately conveying the meaning and maintaining the original message without significant omissions or distortions. The tone and style are appropriate for the intended audience, and the translation reads naturally in Chinese. However, there are minor deviations in word choice and sentence structure that slightly affect the flow. For example, the phrase ""然而，敬畏能否讓孩子變得更樂於助人和關心他人呢？"" could be more directly translated as ""敬畏能否讓孩子變得更樂於助人和關心他人呢？"" without the ""然而,"" which implies a contrast not present in the original text. Additionally, the translation could benefit from a slightly more engaging and lively tone to better match the youthful and curious nature of the source text. Overall, the translation is well-executed and effectively communicates the intended message."
